id;firstname;lastname;date_of_birth;email;address;phone;avatar
1;mobile Fish;Home Loan Account Table Computer;2020-01-13;Sammie.Hartmann@yahoo.com;deposit Tasty Metal Bacon Implementation;191-636-5040;Namibia
2;Steel zero administration;Multi-channelled Licensed;2020-01-12;Geovanni_Langworth46@gmail.com;HDD;(140) 099-9583 x3002;Monitored Bahamian Dollar Investment Account
3;Games Regional Digitized;copy convergence;2020-01-13;Kenyatta96@yahoo.com;connect Markets Chief;793.051.5093 x837;South Georgia and the South Sandwich Islands
4;compelling mission-critical;bifurcated scalable;2020-01-13;Afton_Yost@gmail.com;orange Books;177-777-6093 x61988;Highway Ergonomic
5;moratorium moratorium;New York tangible Mississippi;2020-01-13;Walton_Ratke72@gmail.com;Robust Networked;574-104-1208;Harbor Montana
6;Corporate Phased relationships;white Brand Money Market Account;2020-01-12;Shania_Ward@gmail.com;deposit;(482) 148-8538 x18339;contextually-based
7;synergies copying;ability Hat Iraq;2020-01-13;Mathilde33@gmail.com;Directives;1-255-743-0929;Quality-focused
8;card Plastic;Computers Personal Loan Account Berkshire;2020-01-13;Dulce_Heathcote23@gmail.com;Granite Berkshire Designer;560-732-2783;invoice withdrawal
9;bypassing optical;installation;2020-01-13;Alize.Stiedemann@hotmail.com;red firewall open-source;1-601-963-3598;Forint
10;Concrete Global SMS;Profound;2020-01-13;Willis_Luettgen@hotmail.com;Vision-oriented;(985) 986-1323;bus Internal AI
